"variable"	"mean_area"	"Expected.genome.size"	"sppider_size"
"1"	"yHRW134"	45.7681714285714	24	23.82
"2"	"yHRWh22"	79.1181304347826	92	70.57
"3"	"yHRWh24"	76.1423125	89	52.87
"4"	"yHRWh39"	67.0050921052632	136	64.96
"5"	"yHRWh4"	61.9548108108108	42	47.32
"6"	"yHRWh56"	78.6573766233766	136	69.72
"7"	"yHRWh7"	60.5276923076923	47	47.32
