"variable"	"mean_area"	"Expected.genome.size"
"1"	"yHRW134"	45.7681714285714	24
"2"	"yHRW22"	79.1181304347826	92
"3"	"yHRW24"	76.1423125	89
"4"	"yHRW39"	67.0050921052632	136
"5"	"yHRW4"	61.9548108108108	42
"6"	"yHRW56"	78.6573766233766	136
"7"	"yHRW7"	60.5276923076923	47
